dt,opt_factor,grad_factor,energy_factor
0.0013397273619314477,0.0,0.0,0.0
0.013397273619314476,0.0,0.0,0.0
0.13397273619314476,0.0,0.0,0.0
0.5907981170891186,0.0,0.0,0.0
0.6388637884941053,0.0,0.0,0.0
0.5270933390895716,0.0,0.0,0.0
0.5004600181245671,0.0,0.0,0.0
0.7142545612899514,0.0,0.0,0.0
0.8557145093369525,0.0,0.0,0.0
1.024105929401343,0.0,0.0,0.0
