eps_t,dt,opt_factor,grad_factor,energy_factor,stddev,|norm(H)|
0.0,0.0001,0.0,0.31309073,0.0,0.4330127,1.75
0.0369286,0.0001,0.03710616,0.30887996,0.03338869,0.43824071,1.75
