eps_t,dt,opt_factor,grad_factor,energy_factor,stddev,|norm(H)|
0.0,0.0001,0,0.0,0,3.31662479,5.0
0.0,0.0001,0,0.0,0,3.32736199,5.0
0.0,0.0001,0,0.0,0,3.32347798,5.0
0.0,0.0001,0,0.0,0,3.30495269,5.0
0.0,0.0001,0,0.0,0,3.27208799,5.0
0.0,0.0001,0,0.0,0,3.2254955,5.0
0.0,0.0001,0,0.0,0,3.16606813,5.0
0.0,0.0001,0,0.0,0,3.09493788,5.0
0.0,0.0001,0,0.0,0,3.01342346,5.0
0.0,0.0001,0,0.0,0,2.92297231,5.0
0.0,0.0001,0,0.0,0,2.82510153,5.0
