t,params,num_params,num_time_steps,error_bound,error_bound_grad,error_grad,resid,fidelity,true_error,phase_agnostic_true_error,true_to_euler_error,trained_to_euler_error,target_energy,trained_energy,energy_error,h_norm,h_squared,h_trip,variance,dtdt_trained,re_im_grad
0,"[0.         0.         0.         0.         1.57079633 1.57079633
 0.         0.        ]",8,10,0.0,0.0,5.577494881216557e-07,3.501046936511124e-07,1.0,0.0,1e-06,,,0.3162,0.3162,0.0,1.3066,0.6379151399999999,0.0011015070479999973,0.5379327,0.5379325182574143,-0.5379326091285516
0.0013397275147356278,"[-1.28774000e-03 -5.83400000e-04 -0.00000000e+00 -0.00000000e+00
  1.57171772e+00  1.57021352e+00 -0.00000000e+00 -0.00000000e+00]",8,10,0.0,0.0,6.237164001600846e-07,4.181239375883318e-07,1.0,0.0,1e-06,,,0.31475669,0.31475669,0.0,1.3066,0.638453673402675,-0.00040768918437559165,0.5393818978518713,0.539382232376443,-0.5393820651139627
