t,params,num_params,num_time_steps,error_bound,error_grad,resid,fidelity,true_error,true_to_euler_error,trained_to_euler_error,target_energy,trained_energy,energy_error,h_norm,h_squared,variance,dtdt_trained,re_im_grad
0,"[0.         0.         0.         0.         1.57079633 1.57079633
 0.         0.        ]",8,10,,0.0,,1.0,0.0,0.0,0.0,0j,0j,0j,,19.000000000000004,(19.000000000000004+0j),,
0.00021144263437833645,"[0.         0.         0.         0.         1.57079633 1.57079633
 0.         0.        ]",8,10,,0.0,,1.0,2.95e-06,0.0009216258440626724,0.0009188229842714629,(-0.00803428+0j),(-0.00800984+0j),(2.444e-05+0j),,18.997485950990303,(18.997421793460614+0j),,
0.002325868978161701,"[0.         0.         0.         0.         1.57079633 1.57079633
 0.         0.        ]",8,10,,0.0,,1.0,3.235e-05,0.010133891278327218,0.01010313456039031,(-0.0883085+0j),(-0.08804059+0j),(0.00026791+0j),,18.973796337717346,(18.966045192763417+0j),,
0.007832750999506541,"[0.         0.         0.         0.         1.57079633 1.57079633
 0.         0.        ]",8,10,,0.0,,0.99999999,0.00010805,0.03407661101586973,0.03397382018691533,(-0.29654352+0j),(-0.29565126+0j),(0.00089225+0j),,18.92457161223939,(18.837161942762688+0j),,
0.014747794179162558,"[0.         0.         0.         0.         1.57079633 1.57079633
 0.         0.        ]",8,10,,0.0,,0.99999996,0.00020094,0.06397971230509596,0.0637885114483138,(-0.55539511+0j),(-0.55374635-0j),(0.00164876-0j),,18.88848138401972,(18.58184636055566-1.1451206186899482e-24j),,
0.027802368533809872,"[0.         0.         0.         0.         1.57079633 1.57079633
 0.         0.        ]",8,10,,0.0,,0.99999986,0.00036776,0.11963617858000296,0.1192865024463842,(-1.03146132+0j),(-1.02850263+0j),(0.00295869+0j),,18.897924281305652,(17.840106627516825+0j),,
0.08248225906484213,"[0.         0.         0.         0.         1.57079633 1.57079633
 0.         0.        ]",8,10,,0.0,,0.99999919,0.00089919,0.33136900680623216,0.3305324001963298,(-2.71068437+0j),(-2.70462156+0j),(0.00606281+0j),,19.87015912224059,(12.555181332761105+3.579536831590043e-23j),,
0.13872322266953901,"[0.         0.         0.         0.         1.57079633 1.57079633
 0.         0.        ]",8,10,,0.0,,0.99999863,0.00116845,0.49937521434348864,0.49834073840008347,(-3.80400183+0j),(-3.7980366+0j),(0.00596523+0j),,21.673623927434328,(7.248541925110258+5.026659583860871e-23j),,
