t,params,num_params,num_time_steps,error_bound,error_bound_grad,error_grad,resid,fidelity,true_error,phase_agnostic_true_error,true_to_euler_error,trained_to_euler_error,target_energy,trained_energy,energy_error,h_norm,h_squared,h_trip,variance,dtdt_trained,re_im_grad
0,"[0.         0.         0.         0.         0.         0.
 0.         0.         0.         0.69551298 0.59433922 1.16511845]",12,10,0.0,0.3131575661733805,0.3131575661733805,0.003326736338356504,1.0,0.0,1e-06,,,1.0,1.0,0.0,1.75,1.1874999999999998,1.3124999999999998,0.18749999999999978,0.08578298286108513,-0.08760766080472497
2.665198042634899e-07,"[-0.00000000e+00 -0.00000000e+00  3.00000000e-08 -0.00000000e+00
 -0.00000000e+00 -0.00000000e+00  1.00000000e-07  1.10000000e-07
  3.00000000e-08  6.95512980e-01  5.94339220e-01  1.16511845e+00]",12,10,9.018817526838574e-08,0.35187828315254394,0.3131575653546304,0.003326712801847378,1.0,8e-08,1e-06,,,0.9999999,0.99999995,5e-08,1.75,1.1874999756768938,1.3124999328676514,0.18750006907365369,0.08578307479198936,-0.08760774156340183
