eps_t,dt,opt_factor,grad_factor,energy_factor,stddev,|norm(H)|
0.0,0.0001,0.0,0.31315757,0.0,0.4330127,1.75
9e-08,0.0001,3.96e-06,0.31315757,8e-08,0.43301278,1.75
