dt,opt_factor,grad_factor,energy_factor
0.000232794,0.0,0.0,0.0
0.002327942,0.0,0.0,0.0
0.021543851,0.0,0.0,0.0
0.037599616,9.759e-05,0.0,0.0
0.048024724000000005,0.00036686,0.0,0.0
0.075320996,0.00073754,0.0,0.0
0.06865641,0.00109647,0.0,0.0
0.15502576699999998,0.0,0.0,0.0
0.17954067099999999,0.0,0.0,0.0
0.18259217300000008,0.0,0.0,0.0
0.204728417,0.0,0.0,0.0
0.024406638999999952,0.00017483,0.0,0.0
