t,params,num_params,num_time_steps,error_bound,error_bound_factor,error_grad,resid,fidelity,true_error,phase_agnostic_true_error,true_to_euler_error,trained_to_euler_error,target_energy,trained_energy,energy_error,h_norm,h_squared,variance,dtdt_trained,re_im_grad
0,[1.04719755],1,60,,,0,5.551115123125783e-17,1.0,0.0,1e-06,,,0.5,0.5,0.0,,0.25,0.0,0.0,3.0814879110195774e-26
9.999999999999999e-05,[1.04719755],1,60,,,0,5.551115123125783e-17,1.0,5e-05,5.9e-07,,,0.5,0.5,0.0,,0.25,0.0,0.0,3.0814879110195774e-26
0.0011,[1.04719755],1,60,,,0,5.551115123125783e-17,1.0,0.00055,1.68e-06,,,0.5,0.5,0.0,,0.25,0.0,0.0,3.0814879110195774e-26
0.0111,[1.04719755],1,60,,,0,5.551115123125783e-17,1.0,0.00554999,1.38e-06,,,0.5,0.5,0.0,,0.25,0.0,0.0,3.0814879110195774e-26
0.1111,[1.04719755],1,60,,,0,5.551115123125783e-17,1.0,0.05554286,6.2e-07,,,0.5,0.5,0.0,,0.25,0.0,0.0,3.0814879110195774e-26
1.0,[1.04719755],1,60,,,0,5.551115123125783e-17,1.0,0.49480792,1e-06,,,0.5,0.5,0.0,,0.25,0.0,0.0,3.0814879110195774e-26
