t,params,num_params,num_time_steps,error_bound,error_bound_factor,error_grad,resid,fidelity,true_error,phase_agnostic_true_error,true_to_euler_error,trained_to_euler_error,target_energy,trained_energy,energy_error,h_norm,h_squared,variance,dtdt_trained,re_im_grad
0,"[0.         0.         0.         0.         1.57079633 1.57079633
 0.         0.        ]",8,10,,,1.4901161193847656e-08,1.452362566109723e-16,1.0,0.0,1e-06,,,0.3162,0.3162,0.0,,0.63791514,0.5379327,0.5379326999999998,-0.5379326999999998
0,"[0.         0.         0.         0.         1.57079633 1.57079633
 0.         0.        ]",8,10,,,0.0,3.834455659898236e-16,1.0,0.0,1e-06,,,0.3162,0.3162,0.0,,0.6379151399999999,0.5379327,0.5379326999999997,-0.5379326999999999
0.0013397273619314477,"[-1.28774000e-03 -5.83400000e-04 -0.00000000e+00  0.00000000e+00
  1.57171772e+00  1.57021352e+00  0.00000000e+00  0.00000000e+00]",8,10,,,0.0,1.798766884999479e-16,1.0,0.0,1e-06,,,0.31475669,0.31475669,-0.0,,0.6384536734547313,0.5393818981538463,0.539381898153847,-0.5393818981538469
0.014737000981245923,"[-0.01416287 -0.00652995  0.          0.          1.58104173  1.564339
  0.          0.        ]",8,10,,,1.4901161193847656e-08,3.2840839954415316e-16,1.0,0.0,1e-06,,,0.30010993,0.30010993,-0.0,,0.6439509806029634,0.5538850123128742,0.553885012312875,-0.5538850123128746
0.14870973717439068,"[-0.14032583 -0.07783385 -0.          0.          1.68476267  1.50109844
 -0.          0.        ]",8,10,,,0.0,3.6717357747429906e-16,1.0,1e-08,1e-06,,,0.13268786,0.13268784,-2e-08,,0.7101500527708754,0.6925439896626113,0.6925439896626125,-0.692543989662612
0.7395078542878726,"[-0.39193036 -0.58671453 -0.         -0.          2.27427865  1.21035903
 -0.         -0.        ]",8,10,,,0.0,8.012952732695787e-17,0.99999997,0.00017544,0.00017545,,,-0.74155383,-0.74173502,-0.00018119,,1.1064624197290052,0.5562915844278111,0.5562915844278117,-0.5562915844278117
1.0,"[-0.30076756 -0.80328114 -0.         -0.          2.54158506  1.15547518
  0.         -0.        ]",8,10,,,0.0,2.967053599027744e-16,0.99999998,0.00012875,0.00012876,,,-0.95962319,-0.9597298,-0.00010661,,1.2145127836747653,0.2934314985984474,0.2934314985984482,-0.29343149859844814
