t,params,num_params,num_time_steps,error_bound,error_bound_factor,error_grad,resid,fidelity,true_error,phase_agnostic_true_error,true_to_euler_error,trained_to_euler_error,target_energy,trained_energy,energy_error,h_norm,h_squared,variance,dtdt_trained,re_im_grad
0,[1.04719755],1,60,,,0.0,5.551115123125783e-17,1.0,0.0,1e-06,,,0.5,0.5,0.0,,0.25,0.0,0.0,0.0
1e-06,[1.04719755],1,60,,,0.0,5.551115123125783e-17,1.0,5e-07,1.5e-06,,,0.5,0.5,0.0,,0.25,0.0,0.0,0.0
1.1e-05,[1.04719755],1,60,,,0.0,5.551115123125783e-17,1.0,5.5e-06,7.8e-07,,,0.5,0.5,0.0,,0.25,0.0,0.0,0.0
0.00011099999999999999,[1.04719755],1,60,,,0.0,5.551115123125783e-17,1.0,5.55e-05,8.1e-07,,,0.5,0.5,0.0,,0.25,0.0,0.0,0.0
0.001111,[1.04719755],1,60,,,0.0,5.551115123125783e-17,1.0,0.0005555,1.46e-06,,,0.5,0.5,0.0,,0.25,0.0,0.0,0.0
0.011111,[1.04719755],1,60,,,0.0,5.551115123125783e-17,1.0,0.00555549,1.61e-06,,,0.5,0.5,0.0,,0.25,0.0,0.0,0.0
0.11111099999999997,[1.04719755],1,60,,,0.0,5.551115123125783e-17,1.0,0.05554836,1.16e-06,,,0.5,0.5,0.0,,0.25,0.0,0.0,0.0
1.0,[1.04719755],1,60,,,0.0,5.551115123125783e-17,1.0,0.49480792,1e-06,,,0.5,0.5,0.0,,0.25,0.0,0.0,0.0
