dt,opt_factor,grad_factor,energy_factor,stddev,|e-norm(H)|
0.00023326414769779812,0.0,0.01275585,0.0,3.31662479,5.0
0.0023326414769779813,0.0,0.0127593,1.974e-05,3.3170412,5.00511294
0.023326414769779813,0.0,0.01279188,0.00019798,3.32077504,5.05630813
0.15365018031232058,0.00026995,0.01292021,0.00200898,3.31465434,5.56989381
0.17116236513107186,0.0,0.00776161,0.01019589,1.98331815,7.9489113
0.18017521700114164,0.0,0.00273381,0.00434951,0.7009935,8.53070403
0.16589131676798186,0.0,0.0008445,0.00055834,0.21600104,8.59851082
0.17216431252037934,0.0,0.00028399,3.394e-05,0.07241974,8.60476002
0.13106428787264912,0.0,9.168e-05,2.57e-06,0.0233136,8.60546923
