t,params,num_params,num_time_steps,error_bound,error_bound_grad,error_grad,resid,fidelity,true_error,phase_agnostic_true_error,true_to_euler_error,trained_to_euler_error,target_energy,trained_energy,energy_error,h_norm,h_squared,h_trip,variance,dtdt_trained,re_im_grad
0,"[0.         0.         0.         0.         1.57079633 1.57079633
 0.         0.        ]",8,100,0.0,4.3800289799866286e-07,4.3800289799866286e-07,2.2538557648994334e-07,1.0,0.0,1e-06,,,0.0,0.0,0.0,5.0,11.0,-5.999999999999995,11.0,11.000001664641582,-11.000000832320694
2.324952440765189e-08,"[-1.40000000e-07  2.00000000e-08 -0.00000000e+00  0.00000000e+00
  1.57079637e+00  1.57079635e+00 -0.00000000e+00  0.00000000e+00]",8,100,1.2798152947012747e-14,5.194932647536646e-07,5.196212462831347e-07,2.95365054099827e-07,1.0,0.0,1e-06,,,-5.1e-07,-5.1e-07,0.0,5.0,11.00000027899428,-6.000005812380914,11.000000278994019,11.000000893772015,-11.000000586382882
